292366,William,Hudson,"97138 Brent Gateway, London, UK",187.295.5186x8492
646881,Jenna,Jones,"7876 Thomas Mews, Manchester, UK",+44-893-329-2140x188
388195,Douglas,Gallagher,"75403 Evans River, Birmingham, UK",(705)299-2649x3225
272122,Phillip,Bartlett,"6174 Diaz Mountain Suite 500, Glasgow, UK",+44-146-408-4841
185386,Jean,Freeman,"5639 Lacey Course Apt. 922, Bristol, UK",0353995919
232768,Zachary,Buckley,"38169 Matthew Street Apt. 147, Edinburgh, UK",+44-353-961-9044x415
516803,Ricardo,Morales,"15567 Garrett Cliff, Cardiff, UK",6553035300
261627,Tammy,Wallace,"0331 Bridges Camp, Liverpool, UK",(716)241-5205
370423,Richard,Rich,"1225 Wilkinson Rapid, Sheffield, UK",+44-155-560-1584x376
824556,Rachael,Daniels,"2052 Dale Hills Apt. 846, Leeds, UK",712-337-6205x27605
533684,Kevin,Reid,"62486 Sheena Drive, Nottingham, UK",001-885-930-6388x0880
170111,Michael,Castillo,"72371 Jamie Prairie Apt. 053, Leicester, UK",782-808-5730
613237,Bradley,Gilbert,"8274 Davis Camp, Coventry, UK",022-381-1666
660553,Taylor,Edwards,"6334 King Place Suite 012, Belfast, UK",203-430-6800x6815
634922,Anthony,Miller,"USCGC Berg, FPO AP 72640",+44-145-183-3748x34733